{
  "results": [
    {
      "command": "./countdown/main 200000000",
      "mean": 15.153141488059997,
      "stddev": 0.5143934348017891,
      "median": 15.02666024686,
      "user": 11.12408228,
      "system": 4.0275484399999995,
      "min": 14.78924423786,
      "max": 16.590789710859998,
      "times": [
        16.590789710859998,
        15.076332347860001,
        15.01845677686,
        14.78924423786,
        14.90811010786,
        15.12457822686,
        15.03486371686,
        14.98748149186,
        14.93224250886,
        15.06931575486
      ],
      "exit_codes": [
        0,
        0,
        0,
        0,
        0,
        0,
        0,
        0,
        0,
        0
      ]
    },
    {
      "command": "./fibonacci_recursive/main 42",
      "mean": 0.7575310744600001,
      "stddev": 0.008669051105820232,
      "median": 0.7578851513600001,
      "user": 0.75690528,
      "system": 0.000213932,
      "min": 0.7417708818600001,
      "max": 0.76814054086,
      "times": [
        0.76814054086,
        0.7417708818600001,
        0.7492712678600001,
        0.7536552608600001,
        0.7529285288600001,
        0.7528347148600001,
        0.7621150418600001,
        0.7663574438600002,
        0.7628466678600001,
        0.7653903958600001
      ],
      "exit_codes": [
        0,
        0,
        0,
        0,
        0,
        0,
        0,
        0,
        0,
        0
      ]
    },
    {
      "command": "./product_early/main 100000",
      "mean": 0.11753388490000001,
      "stddev": 0.0018090047922518634,
      "median": 0.11782326686,
      "user": 0.11559596,
      "system": 0.0016838688,
      "min": 0.11475502186,
      "max": 0.12036536386,
      "times": [
        0.11908843086000001,
        0.11796346686,
        0.11539616986000001,
        0.11602442686,
        0.12036536386,
        0.11796142586000001,
        0.11579161586,
        0.11498171186,
        0.11964836386000001,
        0.11869807786,
        0.11496014886,
        0.11584312486000001,
        0.11756658286,
        0.11997408186,
        0.11911557186,
        0.11967401086,
        0.11833818086,
        0.11782326686,
        0.11475502186,
        0.11555533486,
        0.11885377386,
        0.11642327586000001,
        0.11699019286000001,
        0.11651005386,
        0.12004544686
      ],
      "exit_codes": [
        0,
        0,
        0,
        0,
        0,
        0,
        0,
        0,
        0,
        0,
        0,
        0,
        0,
        0,
        0,
        0,
        0,
        0,
        0,
        0,
        0,
        0,
        0,
        0,
        0
      ]
    },
    {
      "command": "./iterator/main 40000000",
      "mean": 1.3900367870600001,
      "stddev": 0.05992738876006107,
      "median": 1.38495882436,
      "user": 1.0550424799999998,
      "system": 0.33374674,
      "min": 1.30390594486,
      "max": 1.4863935828600001,
      "times": [
        1.44581594386,
        1.4198864528600001,
        1.36904305386,
        1.30390594486,
        1.4863935828600001,
        1.39532733686,
        1.33314271186,
        1.4479430528600001,
        1.37459031186,
        1.3243194788600001
      ],
      "exit_codes": [
        0,
        0,
        0,
        0,
        0,
        0,
        0,
        0,
        0,
        0
      ]
    },
    {
      "command": "./generator/main 25",
      "mean": 1.4999755892600002,
      "stddev": 0.10282188752162812,
      "median": 1.47737893636,
      "user": 1.18729718,
      "system": 0.31142144000000005,
      "min": 1.36914751486,
      "max": 1.62814061786,
      "times": [
        1.4830422328600001,
        1.47171563986,
        1.37992449586,
        1.58916611486,
        1.6230161248600001,
        1.3982930768600002,
        1.62814061786,
        1.45438223286,
        1.36914751486,
        1.60292784186
      ],
      "exit_codes": [
        0,
        0,
        0,
        0,
        0,
        0,
        0,
        0,
        0,
        0
      ]
    },
    {
      "command": "./parsing_dollars/main 20000",
      "mean": 9.35129278746,
      "stddev": 0.23899336366541618,
      "median": 9.282892228360001,
      "user": 7.43240288,
      "system": 1.9181456399999999,
      "min": 9.19548462786,
      "max": 10.01392183986,
      "times": [
        10.01392183986,
        9.29091135886,
        9.31171041486,
        9.276749134860001,
        9.24316292186,
        9.28903532186,
        9.262377346860001,
        9.39784850286,
        9.23172640486,
        9.19548462786
      ],
      "exit_codes": [
        0,
        0,
        0,
        0,
        0,
        0,
        0,
        0,
        0,
        0
      ]
    },
    {
      "command": "./resume_nontail/main 20000",
      "mean": 0.7979009504600001,
      "stddev": 0.05957666312259756,
      "median": 0.7655712623600002,
      "user": 0.6243086800000001,
      "system": 0.17279544,
      "min": 0.7627834188600001,
      "max": 0.9309134948600001,
      "times": [
        0.7641121078600001,
        0.7658772858600001,
        0.8117180738600001,
        0.7640562728600001,
        0.7627834188600001,
        0.9309134948600001,
        0.7718591358600001,
        0.8790272748600001,
        0.7633972008600001,
        0.7652652388600001
      ],
      "exit_codes": [
        0,
        0,
        0,
        0,
        0,
        0,
        0,
        0,
        0,
        0
      ]
    },
    {
      "command": "./handler_sieve/main 60000",
      "mean": 30.72468554106,
      "stddev": 0.16695308318013674,
      "median": 30.773855280859998,
      "user": 28.026929079999995,
      "system": 2.6964442399999995,
      "min": 30.385124958859997,
      "max": 30.930715006859998,
      "times": [
        30.842855469859998,
        30.62850276686,
        30.52845919686,
        30.774227929859997,
        30.72217612586,
        30.785438478859998,
        30.875872844859998,
        30.385124958859997,
        30.930715006859998,
        30.77348263186
      ],
      "exit_codes": [
        0,
        0,
        0,
        0,
        0,
        0,
        0,
        0,
        0,
        0
      ]
    }
  ]
}
