{
  "results": [
    {
      "command": "./countdown/main 200000000",
      "mean": 9.40391157816,
      "stddev": 0.04627300805952644,
      "median": 9.41528191506,
      "user": 9.40240956,
      "system": 0.0008706,
      "min": 9.34039814006,
      "max": 9.46873181406,
      "times": [
        9.34793563306,
        9.45245556906,
        9.44442894006,
        9.42358214706,
        9.353146025060001,
        9.34039814006,
        9.37787368306,
        9.41650784506,
        9.41405598506,
        9.46873181406
      ],
      "exit_codes": [
        0,
        0,
        0,
        0,
        0,
        0,
        0,
        0,
        0,
        0
      ]
    },
    {
      "command": "./fibonacci_recursive/main 42",
      "mean": 0.74556492106,
      "stddev": 0.010461481255090195,
      "median": 0.7440302470600001,
      "user": 0.7437888599999999,
      "system": 0.0006141,
      "min": 0.7303786440600001,
      "max": 0.7667100010600001,
      "times": [
        0.7667100010600001,
        0.7502896560600001,
        0.73927246706,
        0.7434562830600001,
        0.7379026500600001,
        0.74606893606,
        0.7303786440600001,
        0.7446042110600001,
        0.73942885706,
        0.7575375050600001
      ],
      "exit_codes": [
        0,
        0,
        0,
        0,
        0,
        0,
        0,
        0,
        0,
        0
      ]
    },
    {
      "command": "./product_early/main 100000",
      "mean": 0.11498988938,
      "stddev": 0.0020669128597794457,
      "median": 0.11463102106,
      "user": 0.11358696,
      "system": 0.00059564,
      "min": 0.11195023506,
      "max": 0.12056467806000001,
      "times": [
        0.11538056406000001,
        0.11324407906,
        0.11447767906,
        0.11370494006000001,
        0.11804051606,
        0.11575644506,
        0.11315486006,
        0.11267516806000001,
        0.11195023506,
        0.11472093806,
        0.11828688906000001,
        0.11280992406000001,
        0.11276894906000001,
        0.11450694806,
        0.11480136806,
        0.11480687006000001,
        0.12056467806000001,
        0.11359679206000001,
        0.11463102106,
        0.11695511906,
        0.11479154106,
        0.11592332406000001,
        0.11818921006000001,
        0.11453279506000001,
        0.11447638106000001
      ],
      "exit_codes": [
        0,
        0,
        0,
        0,
        0,
        0,
        0,
        0,
        0,
        0,
        0,
        0,
        0,
        0,
        0,
        0,
        0,
        0,
        0,
        0,
        0,
        0,
        0,
        0,
        0
      ]
    },
    {
      "command": "./iterator/main 40000000",
      "mean": 0.6853988817600001,
      "stddev": 0.008617376389908935,
      "median": 0.6843654510600001,
      "user": 0.6842412600000001,
      "system": 0.00011580000000000002,
      "min": 0.67240679406,
      "max": 0.70083619306,
      "times": [
        0.68322983406,
        0.6885373760600001,
        0.69080790806,
        0.70083619306,
        0.6828877390600001,
        0.67240679406,
        0.6855010680600001,
        0.6830657630600001,
        0.67342515506,
        0.69329098706
      ],
      "exit_codes": [
        0,
        0,
        0,
        0,
        0,
        0,
        0,
        0,
        0,
        0
      ]
    },
    {
      "command": "./generator/main 25",
      "mean": 0.8546797614600001,
      "stddev": 0.00947694775621497,
      "median": 0.85662882456,
      "user": 0.8531740600000001,
      "system": 0.0009728500000000001,
      "min": 0.8318030890600001,
      "max": 0.86618544206,
      "times": [
        0.8609540280600001,
        0.85216570406,
        0.85578054806,
        0.8512311560600001,
        0.86618544206,
        0.8318030890600001,
        0.8575138160600001,
        0.8574771010600001,
        0.8626990960600001,
        0.8509876340600001
      ],
      "exit_codes": [
        0,
        0,
        0,
        0,
        0,
        0,
        0,
        0,
        0,
        0
      ]
    },
    {
      "command": "./parsing_dollars/main 20000",
      "mean": 5.570458073359999,
      "stddev": 0.04510288490924831,
      "median": 5.57963331206,
      "user": 5.56997016,
      "system": 0.0,
      "min": 5.49399907006,
      "max": 5.64367873506,
      "times": [
        5.54974022706,
        5.64367873506,
        5.60297729606,
        5.5912542940600005,
        5.59286533306,
        5.60218078106,
        5.56801233006,
        5.49399907006,
        5.54378472406,
        5.5160879430600005
      ],
      "exit_codes": [
        0,
        0,
        0,
        0,
        0,
        0,
        0,
        0,
        0,
        0
      ]
    },
    {
      "command": "./resume_nontail/main 20000",
      "mean": 0.45257613586000006,
      "stddev": 0.0031797310976208817,
      "median": 0.45263028756,
      "user": 0.45034396,
      "system": 0.0012420500000000002,
      "min": 0.44833688806000005,
      "max": 0.45695386606000005,
      "times": [
        0.45051255806000007,
        0.44903244606000003,
        0.45689440306000006,
        0.45240974406000006,
        0.45695386606000005,
        0.45285083106,
        0.45412032706000005,
        0.45513435406,
        0.44951594106000003,
        0.44833688806000005
      ],
      "exit_codes": [
        0,
        0,
        0,
        0,
        0,
        0,
        0,
        0,
        0,
        0
      ]
    },
    {
      "command": "./handler_sieve/main 60000",
      "mean": 12.548763852159999,
      "stddev": 0.12323895112096712,
      "median": 12.601413938059999,
      "user": 12.51719876,
      "system": 0.0308502,
      "min": 12.35212807106,
      "max": 12.68524550906,
      "times": [
        12.41477367006,
        12.68524550906,
        12.65325678806,
        12.61122008306,
        12.35212807106,
        12.64214380906,
        12.65626867306,
        12.59160779306,
        12.41738155206,
        12.46361257306
      ],
      "exit_codes": [
        0,
        0,
        0,
        0,
        0,
        0,
        0,
        0,
        0,
        0
      ]
    }
  ]
}
