{
  "results": [
    {
      "command": "./countdown/main 200000000",
      "mean": 9.330348646919997,
      "stddev": 0.09073343759820292,
      "median": 9.322896229719998,
      "user": 9.32997062,
      "system": 0.0,
      "min": 9.13450114522,
      "max": 9.446716450219999,
      "times": [
        9.330646760219999,
        9.284840013219998,
        9.283319710219999,
        9.13450114522,
        9.29530569322,
        9.40577041922,
        9.40732205422,
        9.446716450219999,
        9.399918524219999,
        9.315145699219999
      ],
      "exit_codes": [
        0,
        0,
        0,
        0,
        0,
        0,
        0,
        0,
        0,
        0
      ]
    },
    {
      "command": "./fibonacci_recursive/main 42",
      "mean": 0.7471850085200001,
      "stddev": 0.006164455455009198,
      "median": 0.74576348872,
      "user": 0.7471797199999999,
      "system": 0.000135036,
      "min": 0.73896935722,
      "max": 0.75937246822,
      "times": [
        0.7480064042200001,
        0.74424266922,
        0.75937246822,
        0.74330054822,
        0.74728430822,
        0.75185252422,
        0.75343845422,
        0.74305990822,
        0.7423234432200001,
        0.73896935722
      ],
      "exit_codes": [
        0,
        0,
        0,
        0,
        0,
        0,
        0,
        0,
        0,
        0
      ]
    },
    {
      "command": "./product_early/main 100000",
      "mean": 0.11529559625846152,
      "stddev": 0.00212664926656967,
      "median": 0.11546166772000001,
      "user": 0.11473290461538463,
      "system": 0.0003517199999999999,
      "min": 0.11131722922000001,
      "max": 0.12024429222000001,
      "times": [
        0.11199968822000002,
        0.11540132022,
        0.11703490722000001,
        0.11787028222000001,
        0.11723295322000002,
        0.11599641222000001,
        0.12024429222000001,
        0.11335294222000002,
        0.11640686522000002,
        0.11552201522000001,
        0.11661414422000001,
        0.11617931622000001,
        0.11360368222000002,
        0.11781416222000002,
        0.11456658322000002,
        0.11720015022000001,
        0.11340945022000001,
        0.11467097422000001,
        0.11617889822000001,
        0.11296871822000001,
        0.11730201922000001,
        0.11359354322000001,
        0.11247281922,
        0.11131722922000001,
        0.11473401222000001,
        0.11399812222000001
      ],
      "exit_codes": [
        0,
        0,
        0,
        0,
        0,
        0,
        0,
        0,
        0,
        0,
        0,
        0,
        0,
        0,
        0,
        0,
        0,
        0,
        0,
        0,
        0,
        0,
        0,
        0,
        0,
        0
      ]
    },
    {
      "command": "./iterator/main 40000000",
      "mean": 0.6869094767200001,
      "stddev": 0.006911915878583171,
      "median": 0.6839751137200001,
      "user": 0.6853030199999999,
      "system": 0.00021290399999999995,
      "min": 0.68014973722,
      "max": 0.7027331722200001,
      "times": [
        0.68415575622,
        0.68580965522,
        0.6811399062200001,
        0.6832025552200001,
        0.68014973722,
        0.69320807522,
        0.7027331722200001,
        0.69119935422,
        0.68370208422,
        0.68379447122
      ],
      "exit_codes": [
        0,
        0,
        0,
        0,
        0,
        0,
        0,
        0,
        0,
        0
      ]
    },
    {
      "command": "./generator/main 25",
      "mean": 0.8543670032199999,
      "stddev": 0.007493238648166596,
      "median": 0.85163674522,
      "user": 0.85388812,
      "system": 0.0003978679999999999,
      "min": 0.8475805482200001,
      "max": 0.8709234962200001,
      "times": [
        0.8520470282200001,
        0.8480780952200001,
        0.8475805482200001,
        0.86243761222,
        0.8494797402200001,
        0.8709234962200001,
        0.85165034122,
        0.85070128322,
        0.85914873822,
        0.85162314922
      ],
      "exit_codes": [
        0,
        0,
        0,
        0,
        0,
        0,
        0,
        0,
        0,
        0
      ]
    },
    {
      "command": "./parsing_dollars/main 20000",
      "mean": 5.566541855620001,
      "stddev": 0.04485608783902762,
      "median": 5.56226743722,
      "user": 5.566436319999999,
      "system": 0.00018330399999999996,
      "min": 5.50350849422,
      "max": 5.62124380222,
      "times": [
        5.60441087722,
        5.56645848522,
        5.6100591062200005,
        5.51565921222,
        5.50350849422,
        5.54173489222,
        5.52482265722,
        5.55807638922,
        5.62124380222,
        5.61944464022
      ],
      "exit_codes": [
        0,
        0,
        0,
        0,
        0,
        0,
        0,
        0,
        0,
        0
      ]
    },
    {
      "command": "./resume_nontail/main 20000",
      "mean": 0.45609279762000005,
      "stddev": 0.004294515649247909,
      "median": 0.45551348572000006,
      "user": 0.45379511999999994,
      "system": 0.002391007999999999,
      "min": 0.45129191922000006,
      "max": 0.46353568922000005,
      "times": [
        0.45351248022,
        0.45864976622000003,
        0.45671877122000004,
        0.45138998822000004,
        0.45129191922000006,
        0.45906696822000004,
        0.45430820022,
        0.45176784922,
        0.46353568922000005,
        0.46068634422000004
      ],
      "exit_codes": [
        0,
        0,
        0,
        0,
        0,
        0,
        0,
        0,
        0,
        0
      ]
    },
    {
      "command": "./handler_sieve/main 60000",
      "mean": 12.654804410119999,
      "stddev": 0.11570065409166916,
      "median": 12.61264080622,
      "user": 12.623422519999998,
      "system": 0.03119338,
      "min": 12.52771799922,
      "max": 12.827292762219999,
      "times": [
        12.539305041219999,
        12.55254548622,
        12.52771799922,
        12.69798960322,
        12.58734612222,
        12.827292762219999,
        12.63790387422,
        12.587377738219999,
        12.80092660822,
        12.789638866219999
      ],
      "exit_codes": [
        0,
        0,
        0,
        0,
        0,
        0,
        0,
        0,
        0,
        0
      ]
    }
  ]
}
