{
  "results": [
    {
      "command": "./countdown/main 200000000",
      "mean": 2.4355017070200002,
      "stddev": 0.042840668160066764,
      "median": 2.4176985365199997,
      "user": 2.43427176,
      "system": 0.00051727,
      "min": 2.39242549102,
      "max": 2.50955024802,
      "times": [
        2.50955024802,
        2.41876343602,
        2.49621554402,
        2.39242549102,
        2.41663363702,
        2.43321663202,
        2.39282722102,
        2.41600629202,
        2.4035275720200002,
        2.47585099702
      ],
      "exit_codes": [
        0,
        0,
        0,
        0,
        0,
        0,
        0,
        0,
        0,
        0
      ]
    },
    {
      "command": "./fibonacci_recursive/main 42",
      "mean": 0.7446255986200001,
      "stddev": 0.011943799137341749,
      "median": 0.7439796730200001,
      "user": 0.74336946,
      "system": 0.00044287999999999993,
      "min": 0.7286067140200001,
      "max": 0.7686118550200001,
      "times": [
        0.7686118550200001,
        0.75096596402,
        0.7286067140200001,
        0.7490873510200001,
        0.74445277202,
        0.7435065740200001,
        0.75419633102,
        0.7416460670200001,
        0.7330512280200001,
        0.7321311300200001
      ],
      "exit_codes": [
        0,
        0,
        0,
        0,
        0,
        0,
        0,
        0,
        0,
        0
      ]
    },
    {
      "command": "./product_early/main 100000",
      "mean": 0.11608447848153848,
      "stddev": 0.0028896079487523854,
      "median": 0.11525755302,
      "user": 0.11506786,
      "system": 0.0006119615384615384,
      "min": 0.11160002902,
      "max": 0.12233338902,
      "times": [
        0.11229405402,
        0.11365630902,
        0.11324172602,
        0.11505956302,
        0.11361485902,
        0.11812174302,
        0.11160002902,
        0.12005318402,
        0.11768507002,
        0.11946255802,
        0.11364461302000001,
        0.11318879002,
        0.11970822802,
        0.11976017702,
        0.11902707502,
        0.12233338902,
        0.11866828402,
        0.11857469502,
        0.11373075402,
        0.11589452402,
        0.11461835502,
        0.11456548602,
        0.11455701602,
        0.11545554302,
        0.11580036502,
        0.11388005102
      ],
      "exit_codes": [
        0,
        0,
        0,
        0,
        0,
        0,
        0,
        0,
        0,
        0,
        0,
        0,
        0,
        0,
        0,
        0,
        0,
        0,
        0,
        0,
        0,
        0,
        0,
        0,
        0,
        0
      ]
    },
    {
      "command": "./iterator/main 40000000",
      "mean": 0.20291482316285717,
      "stddev": 0.003095611013194125,
      "median": 0.20364166552000001,
      "user": 0.2012811457142857,
      "system": 0.0008907571428571427,
      "min": 0.19672066602000002,
      "max": 0.20777457002000002,
      "times": [
        0.20643121902000003,
        0.20374686302000003,
        0.20481848402000002,
        0.20777457002000002,
        0.20353646802000003,
        0.20486369902,
        0.20438361502000002,
        0.20225537102000002,
        0.20374945202000003,
        0.20043216202000003,
        0.20285788702000002,
        0.19732296902000002,
        0.19672066602000002,
        0.20191409902000002
      ],
      "exit_codes": [
        0,
        0,
        0,
        0,
        0,
        0,
        0,
        0,
        0,
        0,
        0,
        0,
        0,
        0
      ]
    },
    {
      "command": "./generator/main 25",
      "mean": 0.44259429522000004,
      "stddev": 0.004293032724296051,
      "median": 0.44146787852,
      "user": 0.44187896000000004,
      "system": 0.00039429,
      "min": 0.43740038602000003,
      "max": 0.45104521902,
      "times": [
        0.44011009202,
        0.44165272302,
        0.43805082902000003,
        0.44121906502,
        0.44128303402,
        0.44604232102,
        0.45104521902,
        0.44743947802,
        0.44169980502,
        0.43740038602000003
      ],
      "exit_codes": [
        0,
        0,
        0,
        0,
        0,
        0,
        0,
        0,
        0,
        0
      ]
    },
    {
      "command": "./parsing_dollars/main 20000",
      "mean": 1.0838207504200001,
      "stddev": 0.02237940447191035,
      "median": 1.0774732070200002,
      "user": 1.08314946,
      "system": 0.00012797999999999998,
      "min": 1.04948743602,
      "max": 1.11642939002,
      "times": [
        1.11642939002,
        1.10869854202,
        1.10186101902,
        1.07846590502,
        1.07648050902,
        1.06744719802,
        1.0699857000200002,
        1.1043934850200001,
        1.0649583200200001,
        1.04948743602
      ],
      "exit_codes": [
        0,
        0,
        0,
        0,
        0,
        0,
        0,
        0,
        0,
        0
      ]
    },
    {
      "command": "./resume_nontail/main 20000",
      "mean": 0.19999639042,
      "stddev": 0.002174296517816013,
      "median": 0.19959644402,
      "user": 0.19808212666666664,
      "system": 0.0014471466666666664,
      "min": 0.19670075502,
      "max": 0.20395045702000003,
      "times": [
        0.19850182602000002,
        0.20103224502000003,
        0.19670075502,
        0.19923940202,
        0.19829447202000003,
        0.20035126502000003,
        0.20124627502000003,
        0.20306164502000001,
        0.20395045702000003,
        0.19963263902000003,
        0.20332482602000002,
        0.19959644402,
        0.19717822502000001,
        0.19860959102000003,
        0.19922578902000002
      ],
      "exit_codes": [
        0,
        0,
        0,
        0,
        0,
        0,
        0,
        0,
        0,
        0,
        0,
        0,
        0,
        0,
        0
      ]
    },
    {
      "command": "./handler_sieve/main 60000",
      "mean": 9.14484220752,
      "stddev": 0.12669908989008904,
      "median": 9.178933529519998,
      "user": 9.11146516,
      "system": 0.032921,
      "min": 8.82288607302,
      "max": 9.29914784202,
      "times": [
        9.167348283019999,
        9.098057793019999,
        9.12227140502,
        9.21798123002,
        9.19794811802,
        9.19051877602,
        9.20246896302,
        9.29914784202,
        9.129793592019999,
        8.82288607302
      ],
      "exit_codes": [
        0,
        0,
        0,
        0,
        0,
        0,
        0,
        0,
        0,
        0
      ]
    }
  ]
}
