{
  "results": [
    {
      "command": "./countdown/main 200000000",
      "mean": 2.3621014964200002,
      "stddev": 0.024104550667627643,
      "median": 2.36755853312,
      "user": 2.3610754999999997,
      "system": 0.00022078799999999997,
      "min": 2.32412886012,
      "max": 2.3979312351199997,
      "times": [
        2.3979312351199997,
        2.3654895211199998,
        2.38581772512,
        2.32412886012,
        2.33342254112,
        2.36962754512,
        2.37741003212,
        2.33496576612,
        2.37099255012,
        2.36122918812
      ],
      "exit_codes": [
        0,
        0,
        0,
        0,
        0,
        0,
        0,
        0,
        0,
        0
      ]
    },
    {
      "command": "./fibonacci_recursive/main 42",
      "mean": 0.7447514420200001,
      "stddev": 0.009465495909022268,
      "median": 0.7464836191200002,
      "user": 0.7425236999999998,
      "system": 0.0012626839999999998,
      "min": 0.72969209412,
      "max": 0.7590491641200001,
      "times": [
        0.7503361381200001,
        0.7516423751200001,
        0.7533773721200001,
        0.7590491641200001,
        0.7397764411200001,
        0.7472788201200001,
        0.72969209412,
        0.7456884181200001,
        0.7378650411200001,
        0.7328085561200001
      ],
      "exit_codes": [
        0,
        0,
        0,
        0,
        0,
        0,
        0,
        0,
        0,
        0
      ]
    },
    {
      "command": "./product_early/main 100000",
      "mean": 0.11303925642769232,
      "stddev": 0.0015194822178910493,
      "median": 0.11293674262,
      "user": 0.11209335384615383,
      "system": 0.00043822000000000007,
      "min": 0.11115824312000001,
      "max": 0.11638769112000001,
      "times": [
        0.11177687712,
        0.11156481712,
        0.11445920612000002,
        0.11638769112000001,
        0.11529988212000002,
        0.11294298412,
        0.11182065112000002,
        0.11334623612000001,
        0.11151122212000002,
        0.11432405312,
        0.11382628512000001,
        0.11278937512000001,
        0.11218419212000001,
        0.11115824312000001,
        0.11587924812000001,
        0.11128745612000002,
        0.11123869912,
        0.11449378212000001,
        0.11151177612000002,
        0.11455490212000001,
        0.11174087112000002,
        0.11183008012000001,
        0.11293050112000001,
        0.11315701612000001,
        0.11307554512000001,
        0.11392907412000002
      ],
      "exit_codes": [
        0,
        0,
        0,
        0,
        0,
        0,
        0,
        0,
        0,
        0,
        0,
        0,
        0,
        0,
        0,
        0,
        0,
        0,
        0,
        0,
        0,
        0,
        0,
        0,
        0,
        0
      ]
    },
    {
      "command": "./iterator/main 40000000",
      "mean": 0.20171860412000003,
      "stddev": 0.004058646724617169,
      "median": 0.20070776062,
      "user": 0.20060941428571427,
      "system": 0.0006041342857142857,
      "min": 0.19695164212000002,
      "max": 0.21023416412,
      "times": [
        0.20167196912000002,
        0.20363964012000002,
        0.19952684312000002,
        0.19903209812000003,
        0.19945432112000003,
        0.19695164212000002,
        0.21023416412,
        0.20409586812000002,
        0.19713447612,
        0.20609031712,
        0.19974355212000003,
        0.20175634212000002,
        0.20724058512000001,
        0.19748863912
      ],
      "exit_codes": [
        0,
        0,
        0,
        0,
        0,
        0,
        0,
        0,
        0,
        0,
        0,
        0,
        0,
        0
      ]
    },
    {
      "command": "./generator/main 25",
      "mean": 0.43923055301999997,
      "stddev": 0.004927548858169447,
      "median": 0.43898785212,
      "user": 0.4377938,
      "system": 0.0004648919999999999,
      "min": 0.43150391712,
      "max": 0.44846787312,
      "times": [
        0.44276433212,
        0.43776183112,
        0.44122827012,
        0.44196453412000003,
        0.44846787312,
        0.43818465112,
        0.43862753712,
        0.43934816712,
        0.43245441712,
        0.43150391712
      ],
      "exit_codes": [
        0,
        0,
        0,
        0,
        0,
        0,
        0,
        0,
        0,
        0
      ]
    },
    {
      "command": "./parsing_dollars/main 20000",
      "mean": 0.9945748092199999,
      "stddev": 0.0068684927802630975,
      "median": 0.9943575286200002,
      "user": 0.9944353999999999,
      "system": 0.0,
      "min": 0.9831535261200001,
      "max": 1.0036965891199998,
      "times": [
        1.00093505512,
        0.9932907521200001,
        0.9831535261200001,
        0.9975710341200001,
        1.0036965891199998,
        1.00307169112,
        0.9954243051200001,
        0.9869163111200001,
        0.9913194581200001,
        0.9903693701200001
      ],
      "exit_codes": [
        0,
        0,
        0,
        0,
        0,
        0,
        0,
        0,
        0,
        0
      ]
    },
    {
      "command": "./resume_nontail/main 20000",
      "mean": 0.19381347952000005,
      "stddev": 0.002239113811988698,
      "median": 0.19326279912000002,
      "user": 0.19254506666666657,
      "system": 0.0004083226666666666,
      "min": 0.19076285912000002,
      "max": 0.19860133112000003,
      "times": [
        0.19385666312000002,
        0.19352441812,
        0.19228840012,
        0.19174188512,
        0.19076285912000002,
        0.19779701812000003,
        0.19154999712,
        0.19435742612,
        0.19295000712000002,
        0.19241569012,
        0.19860133112000003,
        0.19467624812,
        0.19326279912000002,
        0.19318877912000001,
        0.19622867112
      ],
      "exit_codes": [
        0,
        0,
        0,
        0,
        0,
        0,
        0,
        0,
        0,
        0,
        0,
        0,
        0,
        0,
        0
      ]
    },
    {
      "command": "./handler_sieve/main 60000",
      "mean": 9.23659676132,
      "stddev": 0.0868516644413997,
      "median": 9.20570547112,
      "user": 9.2106791,
      "system": 0.025371160000000004,
      "min": 9.13244328912,
      "max": 9.37523430812,
      "times": [
        9.13244328912,
        9.21979525912,
        9.15638182612,
        9.37523430812,
        9.18223867112,
        9.19161568312,
        9.172667862119999,
        9.33919590712,
        9.25390859812,
        9.34248620912
      ],
      "exit_codes": [
        0,
        0,
        0,
        0,
        0,
        0,
        0,
        0,
        0,
        0
      ]
    }
  ]
}
