command,mean,stddev,median,user,system,min,max
./countdown/main 200000000,2.0038400095,0.005219330979112644,2.0048774114,2.00288532,0.00104031,1.9943129394,2.0097232294
./fibonacci_recursive/main 42,0.7654660284000001,0.00941171381108332,0.7666949309,0.7648793199999999,0.0005422060000000002,0.7410931004,0.7750925624
./product_early/main 100000,0.11613063916923079,0.0012972161723038232,0.11579752740000002,0.11601747384615384,0.00024165692307692306,0.11377986240000001,0.11870922440000001
./iterator/main 40000000,0.20282991804285713,0.0019502057293887954,0.2024262949,0.20251153428571425,0.00042072,0.1997746664,0.2061146594
./generator/main 25,0.44415652280000006,0.003258417429018826,0.44478544490000005,0.44371182000000003,0.0005602059999999999,0.4391480494,0.44932099840000006
./parsing_dollars/main 20000,0.9020835335999999,0.006116482593205052,0.9033171574000001,0.90214262,0.00007750199999999999,0.8932081684000001,0.9107964884
./resume_nontail/main 20000,0.19088079319999998,0.001130145013844319,0.1909995724,0.19000235333333335,0.0009996080000000001,0.1883094034,0.1923008824
./handler_sieve/main 60000,6.7093155013,0.09691301417975519,6.740287434400001,6.67451732,0.03477722,6.5336996594,6.8226958284
