{
  "results": [
    {
      "command": "./countdown/main 200000000",
      "mean": 18.471146020460004,
      "stddev": 0.4059713583149884,
      "median": 18.42430885406,
      "user": 15.442716899999999,
      "system": 4.008733960000001,
      "min": 17.917212876060002,
      "max": 19.379997225060002,
      "times": [
        19.379997225060002,
        18.15706799706,
        18.49924573906,
        18.547921286060003,
        18.33207714806,
        18.813166155060003,
        17.917212876060002,
        18.54242446606,
        18.34937196906,
        18.172975343060003
      ],
      "exit_codes": [
        0,
        0,
        0,
        0,
        0,
        0,
        0,
        0,
        0,
        0
      ]
    },
    {
      "command": "./fibonacci_recursive/main 42",
      "mean": 0.7133348646600002,
      "stddev": 0.030789863015499606,
      "median": 0.69937359556,
      "user": 0.7499752,
      "system": 0.000173392,
      "min": 0.67899164406,
      "max": 0.7543644580600001,
      "times": [
        0.68923084806,
        0.67899164406,
        0.67991534606,
        0.7030328530600001,
        0.69571433806,
        0.73739191506,
        0.7450477190600001,
        0.75403645906,
        0.7543644580600001,
        0.69562306606
      ],
      "exit_codes": [
        0,
        0,
        0,
        0,
        0,
        0,
        0,
        0,
        0,
        0
      ]
    },
    {
      "command": "./product_early/main 100000",
      "mean": 0.1071636006525926,
      "stddev": 0.0017517892732724454,
      "median": 0.10752348006,
      "user": 0.11495082962962962,
      "system": 0.0015325022222222222,
      "min": 0.10435224506,
      "max": 0.11038853106,
      "times": [
        0.10902674306,
        0.10862005606,
        0.10981845506,
        0.10953058006000001,
        0.10766758506,
        0.11038853106,
        0.10752348006,
        0.10734278706,
        0.10552531706,
        0.10855024506,
        0.10890093706,
        0.10881479406,
        0.10779646306,
        0.10759918406,
        0.10435224506,
        0.10575861606,
        0.10712789506,
        0.10760800706,
        0.10649322806,
        0.10482550406,
        0.10459783706,
        0.10492138706,
        0.10632129606,
        0.10524095706,
        0.10832413806,
        0.10536035506000001,
        0.10538059406
      ],
      "exit_codes": [
        0,
        0,
        0,
        0,
        0,
        0,
        0,
        0,
        0,
        0,
        0,
        0,
        0,
        0,
        0,
        0,
        0,
        0,
        0,
        0,
        0,
        0,
        0,
        0,
        0,
        0,
        0
      ]
    },
    {
      "command": "./iterator/main 40000000",
      "mean": 1.4117621937600002,
      "stddev": 0.08258036583396315,
      "median": 1.41688114656,
      "user": 1.1072182,
      "system": 0.36059946,
      "min": 1.26318294906,
      "max": 1.51433108106,
      "times": [
        1.51433108106,
        1.42554247106,
        1.3977794400599999,
        1.40821982206,
        1.39669291106,
        1.2884242660599998,
        1.4471142720599999,
        1.48525839506,
        1.4910763300599998,
        1.26318294906
      ],
      "exit_codes": [
        0,
        0,
        0,
        0,
        0,
        0,
        0,
        0,
        0,
        0
      ]
    },
    {
      "command": "./generator/main 25",
      "mean": 1.3780573666600002,
      "stddev": 0.05451805169389856,
      "median": 1.36839638056,
      "user": 1.2341874000000002,
      "system": 0.24869236,
      "min": 1.32603236806,
      "max": 1.51575757206,
      "times": [
        1.40540406306,
        1.3339278050599999,
        1.37172467706,
        1.35701105606,
        1.3650680840599998,
        1.32603236806,
        1.38756783606,
        1.33757826106,
        1.38050194406,
        1.51575757206
      ],
      "exit_codes": [
        0,
        0,
        0,
        0,
        0,
        0,
        0,
        0,
        0,
        0
      ]
    },
    {
      "command": "./parsing_dollars/main 20000",
      "mean": 9.466128677859999,
      "stddev": 0.23389148814678287,
      "median": 9.46461500306,
      "user": 7.990873400000001,
      "system": 1.9472937599999998,
      "min": 9.055605801059999,
      "max": 9.865695841059999,
      "times": [
        9.865695841059999,
        9.47799448906,
        9.55628067906,
        9.39958993906,
        9.055605801059999,
        9.44304336306,
        9.561730860059999,
        9.687923870059999,
        9.451235517059999,
        9.16218641906
      ],
      "exit_codes": [
        0,
        0,
        0,
        0,
        0,
        0,
        0,
        0,
        0,
        0
      ]
    },
    {
      "command": "./resume_nontail/main 20000",
      "mean": 0.7811868279600002,
      "stddev": 0.038713770461340676,
      "median": 0.78534045356,
      "user": 0.6664038999999999,
      "system": 0.15971275999999998,
      "min": 0.73385894906,
      "max": 0.8405559570600001,
      "times": [
        0.7397095840600001,
        0.80576637906,
        0.82530288906,
        0.73888672706,
        0.73385894906,
        0.8405559570600001,
        0.7539158290600001,
        0.80319105806,
        0.77116755006,
        0.79951335706
      ],
      "exit_codes": [
        0,
        0,
        0,
        0,
        0,
        0,
        0,
        0,
        0,
        0
      ]
    },
    {
      "command": "./handler_sieve/main 60000",
      "mean": 31.597301859559998,
      "stddev": 0.20453862445507248,
      "median": 31.58598644256,
      "user": 30.500048800000002,
      "system": 2.836019060000001,
      "min": 31.269639112060002,
      "max": 32.03564070706,
      "times": [
        31.55885081006,
        31.551139788060002,
        31.648174132060003,
        31.55580941106,
        31.269639112060002,
        31.36756591006,
        31.61312207506,
        31.677982391060002,
        32.03564070706,
        31.695094259060003
      ],
      "exit_codes": [
        0,
        0,
        0,
        0,
        0,
        0,
        0,
        0,
        0,
        0
      ]
    }
  ]
}
