{
  "results": [
    {
      "command": "./countdown/main 200000000",
      "mean": 15.59545232328,
      "stddev": 0.6601831318754693,
      "median": 15.30786187428,
      "user": 11.3681875,
      "system": 4.22530122,
      "min": 15.19321154128,
      "max": 16.96860187628,
      "times": [
        16.96860187628,
        15.42330620728,
        15.27225507928,
        15.25429616528,
        15.34346866928,
        15.19321154128,
        15.22342197228,
        15.19643507128,
        16.69886068328,
        15.38066596728
      ],
      "exit_codes": [
        0,
        0,
        0,
        0,
        0,
        0,
        0,
        0,
        0,
        0
      ]
    },
    {
      "command": "./fibonacci_recursive/main 42",
      "mean": 0.7691227457800001,
      "stddev": 0.004623370397031727,
      "median": 0.76810805078,
      "user": 0.7673394,
      "system": 0.0016487060000000002,
      "min": 0.7641062392800001,
      "max": 0.77743328828,
      "times": [
        0.76958235628,
        0.7692531302800001,
        0.76696297128,
        0.7734157342800001,
        0.7641062392800001,
        0.7745089862800001,
        0.7650256712800001,
        0.77743328828,
        0.7643884562800001,
        0.7665506242800001
      ],
      "exit_codes": [
        0,
        0,
        0,
        0,
        0,
        0,
        0,
        0,
        0,
        0
      ]
    },
    {
      "command": "./product_early/main 100000",
      "mean": 0.11896477727999999,
      "stddev": 0.0016840471857794692,
      "median": 0.11915390228,
      "user": 0.11656628000000001,
      "system": 0.0024404887999999996,
      "min": 0.11632363028,
      "max": 0.12300749328,
      "times": [
        0.11632363028,
        0.11915390228,
        0.11808521028,
        0.12007234728,
        0.11834042028,
        0.12011275228,
        0.12233132528,
        0.11915511128,
        0.12300749328,
        0.12042861328,
        0.11757844428,
        0.11691317828,
        0.12079057928,
        0.11950445028000001,
        0.11826619228,
        0.11953096528,
        0.11746496628,
        0.11709630528000001,
        0.12001208528,
        0.11970813028,
        0.11888453328,
        0.11838577428000001,
        0.11736259028,
        0.11920814228,
        0.11640228928
      ],
      "exit_codes": [
        0,
        0,
        0,
        0,
        0,
        0,
        0,
        0,
        0,
        0,
        0,
        0,
        0,
        0,
        0,
        0,
        0,
        0,
        0,
        0,
        0,
        0,
        0,
        0,
        0
      ]
    },
    {
      "command": "./iterator/main 40000000",
      "mean": 1.4005711139800001,
      "stddev": 0.05089271327904527,
      "median": 1.39032177078,
      "user": 1.0551711,
      "system": 0.34507521999999996,
      "min": 1.35748557328,
      "max": 1.5324424272800001,
      "times": [
        1.5324424272800001,
        1.42675594528,
        1.35748557328,
        1.38574285028,
        1.3928879332800002,
        1.36462390928,
        1.40429059228,
        1.3918754692800002,
        1.36083836728,
        1.38876807228
      ],
      "exit_codes": [
        0,
        0,
        0,
        0,
        0,
        0,
        0,
        0,
        0,
        0
      ]
    },
    {
      "command": "./generator/main 25",
      "mean": 1.43003469198,
      "stddev": 0.007489102540101915,
      "median": 1.42918023928,
      "user": 1.1381758999999998,
      "system": 0.29152732,
      "min": 1.4172479422800002,
      "max": 1.44141697428,
      "times": [
        1.42970149728,
        1.4254725882800001,
        1.42384747028,
        1.4286589812800001,
        1.43925560228,
        1.42597027128,
        1.44141697428,
        1.43202339828,
        1.4172479422800002,
        1.4367521942800001
      ],
      "exit_codes": [
        0,
        0,
        0,
        0,
        0,
        0,
        0,
        0,
        0,
        0
      ]
    },
    {
      "command": "./parsing_dollars/main 20000",
      "mean": 9.52664508608,
      "stddev": 0.13381425206588246,
      "median": 9.48391202678,
      "user": 7.4268211,
      "system": 2.09899572,
      "min": 9.44614566728,
      "max": 9.89809978828,
      "times": [
        9.89809978828,
        9.44865362628,
        9.54264189228,
        9.50957576228,
        9.48554300728,
        9.47718335028,
        9.51054536428,
        9.46578135628,
        9.44614566728,
        9.48228104628
      ],
      "exit_codes": [
        0,
        0,
        0,
        0,
        0,
        0,
        0,
        0,
        0,
        0
      ]
    },
    {
      "command": "./resume_nontail/main 20000",
      "mean": 0.7937818886800001,
      "stddev": 0.00831862120820763,
      "median": 0.7921757432800001,
      "user": 0.628508,
      "system": 0.16510932000000003,
      "min": 0.7834003592800001,
      "max": 0.8111813322800001,
      "times": [
        0.79016270728,
        0.7941887792800001,
        0.7834003592800001,
        0.8111813322800001,
        0.79744691428,
        0.8024992802800001,
        0.7877235972800001,
        0.7865176902800001,
        0.78951964228,
        0.7951785842800001
      ],
      "exit_codes": [
        0,
        0,
        0,
        0,
        0,
        0,
        0,
        0,
        0,
        0
      ]
    },
    {
      "command": "./handler_sieve/main 60000",
      "mean": 35.41694670858,
      "stddev": 3.6995936002526117,
      "median": 33.77681450077999,
      "user": 32.475989,
      "system": 2.92826522,
      "min": 33.58911833928,
      "max": 45.17518749928,
      "times": [
        33.746250628279995,
        33.61704651628,
        33.807378373279995,
        33.65425348428,
        33.58911833928,
        33.66209294028,
        33.84597228328,
        34.98082711628,
        38.091339905279995,
        45.17518749928
      ],
      "exit_codes": [
        0,
        0,
        0,
        0,
        0,
        0,
        0,
        0,
        0,
        0
      ]
    }
  ]
}
