command,mean,stddev,median,user,system,min,max
./countdown/main 200000000,2.3367409027799995,0.017444596066409728,2.3361345717799997,2.33671132,0,2.30275852328,2.3711260952799997
./fibonacci_recursive/main 42,0.7811133565800001,0.008385472771518335,0.78074162928,0.78122452,0,0.76891193028,0.79405206328
./product_early/main 100000,0.11924369108,0.001815109397238474,0.11905038528,0.11848550000000004,0.0007772775999999999,0.11571128928,0.12342449628
./iterator/main 40000000,0.2100491669228572,0.0018199669874142729,0.21039276878000002,0.20899200571428572,0.0005647371428571427,0.20597264228,0.21290410728
./generator/main 25,0.4545375552800001,0.002578482020366978,0.45454037028000005,0.45434092000000004,0.00039736599999999996,0.44948841328,0.45809780328
./parsing_dollars/main 20000,1.02073912608,0.008509322849420551,1.0194634952800001,1.0205566199999998,0.00039856599999999994,1.01161455628,1.0382258742800001
./resume_nontail/main 20000,0.19820339228,0.0019217501448666292,0.19819652128,0.19729971999999998,0.0007291642857142855,0.19385613928,0.20103017028
./handler_sieve/main 60000,5.779178147380001,0.038347056105350955,5.771863836780001,5.75781372,0.021347159999999997,5.738703631280001,5.852481135280001
