{
  "results": [
    {
      "command": "./countdown/main 200000000",
      "mean": 2.3367409027799995,
      "stddev": 0.017444596066409728,
      "median": 2.3361345717799997,
      "user": 2.33671132,
      "system": 0.0,
      "min": 2.30275852328,
      "max": 2.3711260952799997,
      "times": [
        2.34216527728,
        2.34682140828,
        2.3441376632799997,
        2.30275852328,
        2.32643484428,
        2.3711260952799997,
        2.33041827528,
        2.34055939128,
        2.33127779728,
        2.3317097522799997
      ],
      "exit_codes": [
        0,
        0,
        0,
        0,
        0,
        0,
        0,
        0,
        0,
        0
      ]
    },
    {
      "command": "./fibonacci_recursive/main 42",
      "mean": 0.7811133565800001,
      "stddev": 0.008385472771518335,
      "median": 0.78074162928,
      "user": 0.78122452,
      "system": 0.0,
      "min": 0.76891193028,
      "max": 0.79405206328,
      "times": [
        0.77828633128,
        0.76891193028,
        0.79405206328,
        0.79151439928,
        0.77611272628,
        0.77884211828,
        0.78623704928,
        0.76978256828,
        0.7847532392800001,
        0.78264114028
      ],
      "exit_codes": [
        0,
        0,
        0,
        0,
        0,
        0,
        0,
        0,
        0,
        0
      ]
    },
    {
      "command": "./product_early/main 100000",
      "mean": 0.11924369108,
      "stddev": 0.001815109397238474,
      "median": 0.11905038528,
      "user": 0.11848550000000004,
      "system": 0.0007772775999999999,
      "min": 0.11571128928,
      "max": 0.12342449628,
      "times": [
        0.11724555428000001,
        0.11794686128000001,
        0.12108636428000001,
        0.11571128928,
        0.12012414028000001,
        0.12342449628,
        0.11673442128000001,
        0.11947232928000001,
        0.12103784928000001,
        0.11973246828,
        0.11836201028000001,
        0.11749641528000002,
        0.11833882128,
        0.11941106728,
        0.11952883128000001,
        0.12122059828000001,
        0.11901062828000002,
        0.11918741828000001,
        0.12284619328000002,
        0.11870873328,
        0.11838517328,
        0.11905038528,
        0.11718440228000002,
        0.11904647128000001,
        0.12079935428000001
      ],
      "exit_codes": [
        0,
        0,
        0,
        0,
        0,
        0,
        0,
        0,
        0,
        0,
        0,
        0,
        0,
        0,
        0,
        0,
        0,
        0,
        0,
        0,
        0,
        0,
        0,
        0,
        0
      ]
    },
    {
      "command": "./iterator/main 40000000",
      "mean": 0.2100491669228572,
      "stddev": 0.0018199669874142729,
      "median": 0.21039276878000002,
      "user": 0.20899200571428572,
      "system": 0.0005647371428571427,
      "min": 0.20597264228,
      "max": 0.21290410728,
      "times": [
        0.20771957128000001,
        0.21048394928000003,
        0.21128083828000002,
        0.21290410728,
        0.21058384728,
        0.21070809228,
        0.20597264228,
        0.21234254528000002,
        0.21127821928,
        0.21030158828,
        0.20913129528000002,
        0.21021829428000002,
        0.20882369528000003,
        0.20893965128000003
      ],
      "exit_codes": [
        0,
        0,
        0,
        0,
        0,
        0,
        0,
        0,
        0,
        0,
        0,
        0,
        0,
        0
      ]
    },
    {
      "command": "./generator/main 25",
      "mean": 0.4545375552800001,
      "stddev": 0.002578482020366978,
      "median": 0.45454037028000005,
      "user": 0.45434092000000004,
      "system": 0.00039736599999999996,
      "min": 0.44948841328,
      "max": 0.45809780328,
      "times": [
        0.45700130128,
        0.45661009928,
        0.45809780328,
        0.44948841328,
        0.45285052728,
        0.45303425228,
        0.45530983128,
        0.45377090928,
        0.45302461428,
        0.45618780128
      ],
      "exit_codes": [
        0,
        0,
        0,
        0,
        0,
        0,
        0,
        0,
        0,
        0
      ]
    },
    {
      "command": "./parsing_dollars/main 20000",
      "mean": 1.02073912608,
      "stddev": 0.008509322849420551,
      "median": 1.0194634952800001,
      "user": 1.0205566199999998,
      "system": 0.00039856599999999994,
      "min": 1.01161455628,
      "max": 1.0382258742800001,
      "times": [
        1.0134658272800001,
        1.01508583028,
        1.01161455628,
        1.0211456652800002,
        1.02532780228,
        1.01778132528,
        1.03018687828,
        1.02143772828,
        1.0382258742800001,
        1.0131197732800001
      ],
      "exit_codes": [
        0,
        0,
        0,
        0,
        0,
        0,
        0,
        0,
        0,
        0
      ]
    },
    {
      "command": "./resume_nontail/main 20000",
      "mean": 0.19820339228,
      "stddev": 0.0019217501448666292,
      "median": 0.19819652128,
      "user": 0.19729971999999998,
      "system": 0.0007291642857142855,
      "min": 0.19385613928,
      "max": 0.20103017028,
      "times": [
        0.19968587328,
        0.19822874128,
        0.19816430128,
        0.19761027028000003,
        0.20103017028,
        0.20063626728,
        0.19804252928000002,
        0.19559107328000003,
        0.19994964128,
        0.19385613928,
        0.19908227628000003,
        0.19704420328000002,
        0.19745333328,
        0.19847267228
      ],
      "exit_codes": [
        0,
        0,
        0,
        0,
        0,
        0,
        0,
        0,
        0,
        0,
        0,
        0,
        0,
        0
      ]
    },
    {
      "command": "./handler_sieve/main 60000",
      "mean": 5.779178147380001,
      "stddev": 0.038347056105350955,
      "median": 5.771863836780001,
      "user": 5.75781372,
      "system": 0.021347159999999997,
      "min": 5.738703631280001,
      "max": 5.852481135280001,
      "times": [
        5.738703631280001,
        5.79223695728,
        5.75535860028,
        5.827745511280001,
        5.7841322152800005,
        5.741940066280001,
        5.852481135280001,
        5.74575816128,
        5.79382973728,
        5.759595458280001
      ],
      "exit_codes": [
        0,
        0,
        0,
        0,
        0,
        0,
        0,
        0,
        0,
        0
      ]
    }
  ]
}
