{
  "results": [
    {
      "command": "./countdown/main 200000000",
      "mean": 2.41422834916,
      "stddev": 0.016121398665165296,
      "median": 2.4112956098600002,
      "user": 2.41351092,
      "system": 0.00039657,
      "min": 2.3978275303600003,
      "max": 2.44946053536,
      "times": [
        2.44946053536,
        2.43066459036,
        2.40619773936,
        2.4092944383600003,
        2.3978275303600003,
        2.4006377963600003,
        2.39851208336,
        2.41329678136,
        2.4164987913600005,
        2.41989320536
      ],
      "exit_codes": [
        0,
        0,
        0,
        0,
        0,
        0,
        0,
        0,
        0,
        0
      ]
    },
    {
      "command": "./fibonacci_recursive/main 42",
      "mean": 0.77472113296,
      "stddev": 0.008834203641979333,
      "median": 0.77663765286,
      "user": 0.7738873199999999,
      "system": 0.00039657,
      "min": 0.76156561636,
      "max": 0.78711171936,
      "times": [
        0.78711171936,
        0.77514959036,
        0.78174160936,
        0.78225764736,
        0.7667840193600001,
        0.76209731536,
        0.77223524336,
        0.76156561636,
        0.78014285336,
        0.77812571536
      ],
      "exit_codes": [
        0,
        0,
        0,
        0,
        0,
        0,
        0,
        0,
        0,
        0
      ]
    },
    {
      "command": "./product_early/main 100000",
      "mean": 0.11835654394333334,
      "stddev": 0.0017441207593249294,
      "median": 0.11869981536000002,
      "user": 0.11791490333333336,
      "system": 0.0005464374999999999,
      "min": 0.11437483336000001,
      "max": 0.12169155136000001,
      "times": [
        0.11980526636000001,
        0.11876963036,
        0.11792106736,
        0.11437483336000001,
        0.11853580136000001,
        0.11519668736000001,
        0.11712268136000001,
        0.11919127736000001,
        0.11827034536000001,
        0.11885534536,
        0.12037881836000001,
        0.12169155136000001,
        0.11970064436000001,
        0.11863000036000002,
        0.11668903436000001,
        0.11944117836000001,
        0.11899877636,
        0.11698551136,
        0.11730976436000001,
        0.11661543136000001,
        0.11932485736000001,
        0.11645812836000001,
        0.11953296036000001,
        0.12075746236000001
      ],
      "exit_codes": [
        0,
        0,
        0,
        0,
        0,
        0,
        0,
        0,
        0,
        0,
        0,
        0,
        0,
        0,
        0,
        0,
        0,
        0,
        0,
        0,
        0,
        0,
        0,
        0
      ]
    },
    {
      "command": "./iterator/main 40000000",
      "mean": 0.20763928414571428,
      "stddev": 0.0017247138274613825,
      "median": 0.20795171936,
      "user": 0.20736903428571427,
      "system": 0.0004059357142857143,
      "min": 0.20403177036,
      "max": 0.21015261336000002,
      "times": [
        0.20692845136000002,
        0.20812828736000002,
        0.20951828136,
        0.20899064536,
        0.20589908736,
        0.21015261336000002,
        0.20793918536000003,
        0.20841085336,
        0.20585865836,
        0.20403177036,
        0.20588597736000003,
        0.20783137736,
        0.20796425336000002,
        0.20941053636
      ],
      "exit_codes": [
        0,
        0,
        0,
        0,
        0,
        0,
        0,
        0,
        0,
        0,
        0,
        0,
        0,
        0
      ]
    },
    {
      "command": "./generator/main 25",
      "mean": 0.45859842855999994,
      "stddev": 0.0022436792099527906,
      "median": 0.45918630986,
      "user": 0.4579442199999999,
      "system": 0.00039616999999999994,
      "min": 0.45501382136,
      "max": 0.46165938436,
      "times": [
        0.45946838936,
        0.45807564536,
        0.45896053336,
        0.45651106836,
        0.45501382136,
        0.45977765536,
        0.45941208636,
        0.46133789236,
        0.45576780936,
        0.46165938436
      ],
      "exit_codes": [
        0,
        0,
        0,
        0,
        0,
        0,
        0,
        0,
        0,
        0
      ]
    },
    {
      "command": "./parsing_dollars/main 20000",
      "mean": 1.0339126023599998,
      "stddev": 0.008370051514284656,
      "median": 1.0339925503599998,
      "user": 1.03406112,
      "system": 0.00006027,
      "min": 1.01714325836,
      "max": 1.0439493793599999,
      "times": [
        1.03309527136,
        1.03371781236,
        1.04056196936,
        1.03426728836,
        1.04380159836,
        1.0439493793599999,
        1.03616037236,
        1.01714325836,
        1.03244216036,
        1.02398691336
      ],
      "exit_codes": [
        0,
        0,
        0,
        0,
        0,
        0,
        0,
        0,
        0,
        0
      ]
    },
    {
      "command": "./resume_nontail/main 20000",
      "mean": 0.19897100156,
      "stddev": 0.002316756156558937,
      "median": 0.19933186936000002,
      "user": 0.19885925333333335,
      "system": 0.0001682733333333333,
      "min": 0.19453435036000002,
      "max": 0.20292749036000002,
      "times": [
        0.19846659636000002,
        0.19453435036000002,
        0.19786771136,
        0.19581653036000002,
        0.19949007936000002,
        0.19948704636,
        0.20180188536000002,
        0.19888145936,
        0.20132938236,
        0.19933186936000002,
        0.19616553836,
        0.20086810736000002,
        0.19765744036000002,
        0.19993953636,
        0.20292749036000002
      ],
      "exit_codes": [
        0,
        0,
        0,
        0,
        0,
        0,
        0,
        0,
        0,
        0,
        0,
        0,
        0,
        0,
        0
      ]
    },
    {
      "command": "./handler_sieve/main 60000",
      "mean": 6.74697013106,
      "stddev": 0.09981091119205951,
      "median": 6.76925221736,
      "user": 6.714795619999999,
      "system": 0.03203840000000001,
      "min": 6.51277413836,
      "max": 6.84811777836,
      "times": [
        6.51277413836,
        6.67448165736,
        6.701425356360001,
        6.754918620360001,
        6.82040268536,
        6.8007474743600005,
        6.83363121136,
        6.84811777836,
        6.78358581436,
        6.73961657436
      ],
      "exit_codes": [
        0,
        0,
        0,
        0,
        0,
        0,
        0,
        0,
        0,
        0
      ]
    }
  ]
}
