{
  "results": [
    {
      "command": "./countdown/main 200000000",
      "mean": 15.695747071980003,
      "stddev": 0.36555025187916784,
      "median": 15.57491430408,
      "user": 11.48699032,
      "system": 4.207681379999999,
      "min": 15.48118850858,
      "max": 16.72180504258,
      "times": [
        16.72180504258,
        15.56681479358,
        15.69194487058,
        15.51986636058,
        15.63738893258,
        15.48118850858,
        15.555900901580001,
        15.567634894580001,
        15.63273270158,
        15.58219371358
      ],
      "exit_codes": [
        0,
        0,
        0,
        0,
        0,
        0,
        0,
        0,
        0,
        0
      ]
    },
    {
      "command": "./fibonacci_recursive/main 42",
      "mean": 0.76160824948,
      "stddev": 0.003648514983807365,
      "median": 0.7605420875800002,
      "user": 0.7616275199999999,
      "system": 0.00015317599999999998,
      "min": 0.75717138258,
      "max": 0.7682694955800001,
      "times": [
        0.7619307885800001,
        0.7589648895800001,
        0.7682694955800001,
        0.7607721265800002,
        0.75899037158,
        0.7599161105800001,
        0.7676328075800001,
        0.7621224735800001,
        0.7603120485800001,
        0.75717138258
      ],
      "exit_codes": [
        0,
        0,
        0,
        0,
        0,
        0,
        0,
        0,
        0,
        0
      ]
    },
    {
      "command": "./product_early/main 100000",
      "mean": 0.11862597322000001,
      "stddev": 0.002257461395470619,
      "median": 0.11819157758,
      "user": 0.11520192,
      "system": 0.0033291231999999994,
      "min": 0.11508437158,
      "max": 0.12512454558,
      "times": [
        0.11929473658,
        0.11527798858,
        0.11848789658,
        0.11700612258000001,
        0.12234544758,
        0.12512454558,
        0.11708100358000001,
        0.11936242158,
        0.11599971358,
        0.11989495658,
        0.11791940958000001,
        0.11508437158,
        0.11730411158000001,
        0.11784157058,
        0.11787392258,
        0.12030389558,
        0.11819157758,
        0.12093401658,
        0.12022800558,
        0.11644571558,
        0.11680157258,
        0.12021156158,
        0.12002152058,
        0.11897353158,
        0.11763971458
      ],
      "exit_codes": [
        0,
        0,
        0,
        0,
        0,
        0,
        0,
        0,
        0,
        0,
        0,
        0,
        0,
        0,
        0,
        0,
        0,
        0,
        0,
        0,
        0,
        0,
        0,
        0,
        0
      ]
    },
    {
      "command": "./iterator/main 40000000",
      "mean": 1.43850300748,
      "stddev": 0.026506815451785723,
      "median": 1.43398967108,
      "user": 1.10645912,
      "system": 0.33211858,
      "min": 1.40540023358,
      "max": 1.48851555358,
      "times": [
        1.48851555358,
        1.46046092258,
        1.45521790558,
        1.41618207658,
        1.42541298358,
        1.41951399058,
        1.40540023358,
        1.45714606358,
        1.41461398658,
        1.44256635858
      ],
      "exit_codes": [
        0,
        0,
        0,
        0,
        0,
        0,
        0,
        0,
        0,
        0
      ]
    },
    {
      "command": "./generator/main 25",
      "mean": 1.4222132622800001,
      "stddev": 0.014083249407519989,
      "median": 1.42267942858,
      "user": 1.1430139200000002,
      "system": 0.27934158,
      "min": 1.40306222758,
      "max": 1.44590422858,
      "times": [
        1.40306222758,
        1.42717907158,
        1.4162255425799999,
        1.40869123858,
        1.42548298458,
        1.4081393685799999,
        1.42484861958,
        1.44590422858,
        1.4420891035799999,
        1.4205102375799998
      ],
      "exit_codes": [
        0,
        0,
        0,
        0,
        0,
        0,
        0,
        0,
        0,
        0
      ]
    },
    {
      "command": "./parsing_dollars/main 20000",
      "mean": 9.79258019958,
      "stddev": 0.13568450998873788,
      "median": 9.753822430580001,
      "user": 7.711718619999999,
      "system": 2.08073068,
      "min": 9.66899593058,
      "max": 10.14173844758,
      "times": [
        10.14173844758,
        9.75297494558,
        9.70044210758,
        9.83885483158,
        9.66899593058,
        9.720336512580001,
        9.773036878580001,
        9.71949310558,
        9.754669915580001,
        9.85525932058
      ],
      "exit_codes": [
        0,
        0,
        0,
        0,
        0,
        0,
        0,
        0,
        0,
        0
      ]
    },
    {
      "command": "./resume_nontail/main 20000",
      "mean": 0.79125358858,
      "stddev": 0.027720647076693965,
      "median": 0.7825281290800001,
      "user": 0.6245715199999998,
      "system": 0.16618667999999998,
      "min": 0.7755811775800001,
      "max": 0.8684297295800001,
      "times": [
        0.7820166745800001,
        0.7755811775800001,
        0.79607996158,
        0.7800080795800001,
        0.7831633355800001,
        0.7830395835800001,
        0.7760734345800001,
        0.8684297295800001,
        0.7865759965800001,
        0.7815679125800001
      ],
      "exit_codes": [
        0,
        0,
        0,
        0,
        0,
        0,
        0,
        0,
        0,
        0
      ]
    },
    {
      "command": "./handler_sieve/main 60000",
      "mean": 31.983977261679996,
      "stddev": 0.5490770740199826,
      "median": 31.77364816708,
      "user": 29.212691319999994,
      "system": 2.76930248,
      "min": 31.42871238158,
      "max": 33.29518789858,
      "times": [
        33.29518789858,
        31.76493974758,
        31.42871238158,
        31.68125430558,
        31.65078369458,
        31.78235658658,
        31.73158365158,
        32.43811915758,
        32.278013914579994,
        31.78882127858
      ],
      "exit_codes": [
        0,
        0,
        0,
        0,
        0,
        0,
        0,
        0,
        0,
        0
      ]
    }
  ]
}
