command,mean,stddev,median,user,system,min,max
./countdown/main 200000000,2.41422834916,0.016121398665165296,2.4112956098600002,2.41351092,0.00039657,2.3978275303600003,2.44946053536
./fibonacci_recursive/main 42,0.77472113296,0.008834203641979333,0.77663765286,0.7738873199999999,0.00039657,0.76156561636,0.78711171936
./product_early/main 100000,0.11835654394333334,0.0017441207593249294,0.11869981536000002,0.11791490333333336,0.0005464374999999999,0.11437483336000001,0.12169155136000001
./iterator/main 40000000,0.20763928414571428,0.0017247138274613825,0.20795171936,0.20736903428571427,0.0004059357142857143,0.20403177036,0.21015261336000002
./generator/main 25,0.45859842855999994,0.0022436792099527906,0.45918630986,0.4579442199999999,0.00039616999999999994,0.45501382136,0.46165938436
./parsing_dollars/main 20000,1.0339126023599998,0.008370051514284656,1.0339925503599998,1.03406112,0.00006027,1.01714325836,1.0439493793599999
./resume_nontail/main 20000,0.19897100156,0.002316756156558937,0.19933186936000002,0.19885925333333335,0.0001682733333333333,0.19453435036000002,0.20292749036000002
./handler_sieve/main 60000,6.74697013106,0.09981091119205951,6.76925221736,6.714795619999999,0.03203840000000001,6.51277413836,6.84811777836
