{
  "results": [
    {
      "command": "./countdown/main 200000000",
      "mean": 2.0552669036800006,
      "stddev": 0.007332814060471487,
      "median": 2.05720503508,
      "user": 2.0551824200000004,
      "system": 0.0,
      "min": 2.04284346808,
      "max": 2.06294495808,
      "times": [
        2.04284346808,
        2.04529191008,
        2.0579344450800003,
        2.06294495808,
        2.0618260270800004,
        2.05455589608,
        2.06246319208,
        2.05985995808,
        2.05647562508,
        2.0484735570800003
      ],
      "exit_codes": [
        0,
        0,
        0,
        0,
        0,
        0,
        0,
        0,
        0,
        0
      ]
    },
    {
      "command": "./fibonacci_recursive/main 42",
      "mean": 0.77996666918,
      "stddev": 0.00810426830944119,
      "median": 0.78115454208,
      "user": 0.7788965200000001,
      "system": 0.0006352840000000001,
      "min": 0.76757141108,
      "max": 0.7926975150800001,
      "times": [
        0.78015305808,
        0.78232332508,
        0.7910743170800001,
        0.7757903150800001,
        0.7926975150800001,
        0.7734510720800001,
        0.76757141108,
        0.7714497250800001,
        0.78299992708,
        0.78215602608
      ],
      "exit_codes": [
        0,
        0,
        0,
        0,
        0,
        0,
        0,
        0,
        0,
        0
      ]
    },
    {
      "command": "./product_early/main 100000",
      "mean": 0.11909125944000003,
      "stddev": 0.0013629037358161642,
      "median": 0.11915086308000002,
      "user": 0.11831020000000002,
      "system": 0.0007084087999999999,
      "min": 0.11661308108000001,
      "max": 0.12236283808000001,
      "times": [
        0.11821866508000001,
        0.11881738908000002,
        0.12030172508000002,
        0.11933906508000001,
        0.11768399108000001,
        0.11947732008000002,
        0.12011389108000001,
        0.12020940708000001,
        0.11872311908000001,
        0.11777021708000002,
        0.12008250308000001,
        0.12046114408000001,
        0.11958377008000001,
        0.11962866308000002,
        0.11885603408,
        0.11770973208000002,
        0.12236283808000001,
        0.11733076708000001,
        0.11815247108000002,
        0.11661308108000001,
        0.11915086308000002,
        0.11864070508,
        0.11700125108000001,
        0.12124653008000001,
        0.11980634308000002
      ],
      "exit_codes": [
        0,
        0,
        0,
        0,
        0,
        0,
        0,
        0,
        0,
        0,
        0,
        0,
        0,
        0,
        0,
        0,
        0,
        0,
        0,
        0,
        0,
        0,
        0,
        0,
        0
      ]
    },
    {
      "command": "./iterator/main 40000000",
      "mean": 0.20766967800857147,
      "stddev": 0.0022549977177913558,
      "median": 0.20825968058,
      "user": 0.20749040571428568,
      "system": 0.00009628,
      "min": 0.20278524508,
      "max": 0.21038404808,
      "times": [
        0.20944209008,
        0.21009009208,
        0.20671332408,
        0.20752743408000002,
        0.20399715708,
        0.20898159108,
        0.20787243408,
        0.21038404808,
        0.20910130708,
        0.20278524508,
        0.20683881908,
        0.20864692708000002,
        0.20922105208,
        0.20577397108
      ],
      "exit_codes": [
        0,
        0,
        0,
        0,
        0,
        0,
        0,
        0,
        0,
        0,
        0,
        0,
        0,
        0
      ]
    },
    {
      "command": "./generator/main 25",
      "mean": 0.45272453618,
      "stddev": 0.0035102333360810963,
      "median": 0.45191527708,
      "user": 0.45181741999999997,
      "system": 0.000398246,
      "min": 0.44825273608,
      "max": 0.45828337408,
      "times": [
        0.44825273608,
        0.45828337408,
        0.45582300208000004,
        0.45602497708,
        0.45096697608,
        0.45284159408,
        0.44849554308,
        0.45556781508,
        0.45098896008,
        0.45000038408000004
      ],
      "exit_codes": [
        0,
        0,
        0,
        0,
        0,
        0,
        0,
        0,
        0,
        0
      ]
    },
    {
      "command": "./parsing_dollars/main 20000",
      "mean": 0.9245563526799998,
      "stddev": 0.00551459757551615,
      "median": 0.92608816808,
      "user": 0.9240978199999998,
      "system": 0.000594784,
      "min": 0.91679470708,
      "max": 0.9307947430800001,
      "times": [
        0.91945284908,
        0.93012351508,
        0.9251349870800001,
        0.91679470708,
        0.9307947430800001,
        0.91829651708,
        0.92704134908,
        0.93044902608,
        0.92796512208,
        0.91951071108
      ],
      "exit_codes": [
        0,
        0,
        0,
        0,
        0,
        0,
        0,
        0,
        0,
        0
      ]
    },
    {
      "command": "./resume_nontail/main 20000",
      "mean": 0.19428708247999996,
      "stddev": 0.0013533151456170684,
      "median": 0.19417044508,
      "user": 0.19336738666666664,
      "system": 0.0006789226666666666,
      "min": 0.19155381408,
      "max": 0.19607685808,
      "times": [
        0.19272273708,
        0.19607685808,
        0.19606112708,
        0.19155381408,
        0.19397866808,
        0.19328720908,
        0.19606524108,
        0.19335139608000002,
        0.19500508208,
        0.19483474108,
        0.19385389208,
        0.19576573608,
        0.19431010808000002,
        0.19417044508,
        0.19326918208
      ],
      "exit_codes": [
        0,
        0,
        0,
        0,
        0,
        0,
        0,
        0,
        0,
        0,
        0,
        0,
        0,
        0,
        0
      ]
    },
    {
      "command": "./handler_sieve/main 60000",
      "mean": 5.52670037028,
      "stddev": 0.06671161387991267,
      "median": 5.5502769055800005,
      "user": 5.4994200200000005,
      "system": 0.027258560000000005,
      "min": 5.36337449208,
      "max": 5.60720686408,
      "times": [
        5.36337449208,
        5.5015068430800005,
        5.542752650080001,
        5.50640132908,
        5.56446204308,
        5.60720686408,
        5.56337367308,
        5.55780116108,
        5.49979570408,
        5.56032894308
      ],
      "exit_codes": [
        0,
        0,
        0,
        0,
        0,
        0,
        0,
        0,
        0,
        0
      ]
    }
  ]
}
