{
  "results": [
    {
      "command": "./countdown/main 200000000",
      "mean": 2.0038400095,
      "stddev": 0.005219330979112644,
      "median": 2.0048774114,
      "user": 2.00288532,
      "system": 0.00104031,
      "min": 1.9943129394,
      "max": 2.0097232294,
      "times": [
        1.9943129394,
        1.9988070414,
        2.0023101794000002,
        2.0084759884,
        2.0004656174,
        2.0006948824,
        2.0097232294,
        2.0076597614000002,
        2.0074446434,
        2.0085058124
      ],
      "exit_codes": [
        0,
        0,
        0,
        0,
        0,
        0,
        0,
        0,
        0,
        0
      ]
    },
    {
      "command": "./fibonacci_recursive/main 42",
      "mean": 0.7654660284000001,
      "stddev": 0.00941171381108332,
      "median": 0.7666949309,
      "user": 0.7648793199999999,
      "system": 0.0005422060000000002,
      "min": 0.7410931004,
      "max": 0.7750925624,
      "times": [
        0.7691452514,
        0.7410931004,
        0.7658130474,
        0.7750925624,
        0.7644085694,
        0.7631128164000001,
        0.7740559744,
        0.7675768144,
        0.7654382094,
        0.7689239384000001
      ],
      "exit_codes": [
        0,
        0,
        0,
        0,
        0,
        0,
        0,
        0,
        0,
        0
      ]
    },
    {
      "command": "./product_early/main 100000",
      "mean": 0.11613063916923079,
      "stddev": 0.0012972161723038232,
      "median": 0.11579752740000002,
      "user": 0.11601747384615384,
      "system": 0.00024165692307692306,
      "min": 0.11377986240000001,
      "max": 0.11870922440000001,
      "times": [
        0.1137978344,
        0.1167509094,
        0.11618347540000001,
        0.11848642540000001,
        0.11592524540000002,
        0.11608682040000001,
        0.11870922440000001,
        0.1184737274,
        0.11564806540000001,
        0.1156698094,
        0.11540595040000001,
        0.11765260440000001,
        0.1173957154,
        0.11532019240000001,
        0.11565819140000001,
        0.1178241264,
        0.1151797214,
        0.11565077540000002,
        0.11377986240000001,
        0.11644402340000001,
        0.1149665014,
        0.11562826240000001,
        0.11530867940000002,
        0.11619692940000001,
        0.11522843240000001,
        0.1160251134
      ],
      "exit_codes": [
        0,
        0,
        0,
        0,
        0,
        0,
        0,
        0,
        0,
        0,
        0,
        0,
        0,
        0,
        0,
        0,
        0,
        0,
        0,
        0,
        0,
        0,
        0,
        0,
        0,
        0
      ]
    },
    {
      "command": "./iterator/main 40000000",
      "mean": 0.20282991804285713,
      "stddev": 0.0019502057293887954,
      "median": 0.2024262949,
      "user": 0.20251153428571425,
      "system": 0.00042072,
      "min": 0.1997746664,
      "max": 0.2061146594,
      "times": [
        0.2061146594,
        0.2037485604,
        0.2026108184,
        0.2034718004,
        0.1997746664,
        0.2003093184,
        0.2021296714,
        0.2035077814,
        0.2020786844,
        0.2013869414,
        0.2060863904,
        0.2012093204,
        0.2022417714,
        0.2049484684
      ],
      "exit_codes": [
        0,
        0,
        0,
        0,
        0,
        0,
        0,
        0,
        0,
        0,
        0,
        0,
        0,
        0
      ]
    },
    {
      "command": "./generator/main 25",
      "mean": 0.44415652280000006,
      "stddev": 0.003258417429018826,
      "median": 0.44478544490000005,
      "user": 0.44371182000000003,
      "system": 0.0005602059999999999,
      "min": 0.4391480494,
      "max": 0.44932099840000006,
      "times": [
        0.44681522640000004,
        0.44547668240000005,
        0.44072754440000006,
        0.44409420740000005,
        0.44564369740000004,
        0.44627609040000005,
        0.44932099840000006,
        0.4391480494,
        0.44396641140000004,
        0.4400963204
      ],
      "exit_codes": [
        0,
        0,
        0,
        0,
        0,
        0,
        0,
        0,
        0,
        0
      ]
    },
    {
      "command": "./parsing_dollars/main 20000",
      "mean": 0.9020835335999999,
      "stddev": 0.006116482593205052,
      "median": 0.9033171574000001,
      "user": 0.90214262,
      "system": 0.00007750199999999999,
      "min": 0.8932081684000001,
      "max": 0.9107964884,
      "times": [
        0.9042127584,
        0.9044321324,
        0.8968335344,
        0.9024215564,
        0.9079234034,
        0.9078188794000001,
        0.8936766224,
        0.9107964884,
        0.8995117924,
        0.8932081684000001
      ],
      "exit_codes": [
        0,
        0,
        0,
        0,
        0,
        0,
        0,
        0,
        0,
        0
      ]
    },
    {
      "command": "./resume_nontail/main 20000",
      "mean": 0.19088079319999998,
      "stddev": 0.001130145013844319,
      "median": 0.1909995724,
      "user": 0.19000235333333335,
      "system": 0.0009996080000000001,
      "min": 0.1883094034,
      "max": 0.1923008824,
      "times": [
        0.1908603234,
        0.1890642754,
        0.1913844294,
        0.1909995724,
        0.1923008824,
        0.1921507364,
        0.1907211494,
        0.1898112504,
        0.1909710264,
        0.1883094034,
        0.1914595104,
        0.1914175784,
        0.1916231644,
        0.1901612684,
        0.1919773274
      ],
      "exit_codes": [
        0,
        0,
        0,
        0,
        0,
        0,
        0,
        0,
        0,
        0,
        0,
        0,
        0,
        0,
        0
      ]
    },
    {
      "command": "./handler_sieve/main 60000",
      "mean": 6.7093155013,
      "stddev": 0.09691301417975519,
      "median": 6.740287434400001,
      "user": 6.67451732,
      "system": 0.03477722,
      "min": 6.5336996594,
      "max": 6.8226958284,
      "times": [
        6.5336996594,
        6.7830491604,
        6.7440130814,
        6.8226958284,
        6.7874270834,
        6.7700640314000005,
        6.5767727004,
        6.7365617874,
        6.7075807074,
        6.6312909734
      ],
      "exit_codes": [
        0,
        0,
        0,
        0,
        0,
        0,
        0,
        0,
        0,
        0
      ]
    }
  ]
}
